                  epoch,         train/box_loss,         train/cls_loss,         train/dfl_loss,   metrics/precision(B),      metrics/recall(B),       metrics/mAP50(B),    metrics/mAP50-95(B),           val/box_loss,           val/cls_loss,           val/dfl_loss,                 lr/pg0,                 lr/pg1,                 lr/pg2
                      1,                0.97404,                 1.1399,                 1.2312,                  0.905,                0.90121,                  0.953,                0.72491,                0.83084,                0.70479,                 1.0489,             0.00066424,             0.00066424,             0.00066424
                      2,                0.96614,                0.85144,                 1.2181,                0.89306,                0.86747,                0.93465,                0.67918,                0.90532,                0.73255,                 1.1167,              0.0013177,              0.0013177,              0.0013177
                      3,                0.95975,                0.79249,                 1.2143,                0.89893,                 0.9019,                0.94625,                0.70638,                0.83924,                0.70428,                 1.0993,               0.001958,               0.001958,               0.001958
                      4,                0.94275,                 0.7476,                 1.2075,                0.91924,                0.89689,                0.95106,                0.73529,                0.79995,                0.57211,                 1.0717,              0.0019406,              0.0019406,              0.0019406
                      5,                0.91548,                0.71802,                 1.1916,                0.93274,                0.90571,                0.96418,                0.76242,                0.73077,                0.51224,                  1.013,              0.0019208,              0.0019208,              0.0019208
